{"file_hashes":[{"block_hashes":["B7z2cpY8oINI7D/pPPsd/WNM6EGNWQCIifUU14ADnJQ="],"block_size":4096,"path":"autoscout24.bundle.js"},{"block_hashes":["y0CxSB7VDs8gvkWnJjN03QmKM17y6goXylMCXSKX0O4="],"block_size":4096,"path":"background.bundle.js"},{"block_hashes":["B7z2cpY8oINI7D/pPPsd/WNM6EGNWQCIifUU14ADnJQ="],"block_size":4096,"path":"bakeca.bundle.js"},{"block_hashes":["B7z2cpY8oINI7D/pPPsd/WNM6EGNWQCIifUU14ADnJQ="],"block_size":4096,"path":"casaIt.bundle.js"},{"block_hashes":["47DEQpj8HBSa+/TImW+5JCeuQeRkm5NMpJWZG3hSuFU="],"block_size":4096,"path":"content.styles.css"},{"block_hashes":["B7z2cpY8oINI7D/pPPsd/WNM6EGNWQCIifUU14ADnJQ="],"block_size":4096,"path":"engelvoelkers.bundle.js"},{"block_hashes":["B7z2cpY8oINI7D/pPPsd/WNM6EGNWQCIifUU14ADnJQ="],"block_size":4096,"path":"flatfox.bundle.js"},{"block_hashes":["B7z2cpY8oINI7D/pPPsd/WNM6EGNWQCIifUU14ADnJQ="],"block_size":4096,"path":"fotocasaEs.bundle.js"},{"block_hashes":["B7z2cpY8oINI7D/pPPsd/WNM6EGNWQCIifUU14ADnJQ="],"block_size":4096,"path":"habitaclia.bundle.js"},{"block_hashes":["B7z2cpY8oINI7D/pPPsd/WNM6EGNWQCIifUU14ADnJQ="],"block_size":4096,"path":"homegate.bundle.js"},{"block_hashes":["B7z2cpY8oINI7D/pPPsd/WNM6EGNWQCIifUU14ADnJQ="],"block_size":4096,"path":"idealista.bundle.js"},{"block_hashes":["B7z2cpY8oINI7D/pPPsd/WNM6EGNWQCIifUU14ADnJQ="],"block_size":4096,"path":"immobiliare.bundle.js"},{"block_hashes":["mjP8y1XRCjNkL7YBxoIcwjDTittM5Vp6Nb1oKzXWK6s=","W/AJDugaMHd7GQbTf9gjk+0VY7HcEbOaDaUgXLRm0Og=","YN36bjpuhRkeBHfGe+L//HsUWM+uJNmHrUB3ULrUMKo=","PGV09eWafgVtAAIhke032FDs7VK7ccZmFzL53Ns8o6Y=","1iA3d4+3WIEz4kYwNgpyF0sxGJ7iIuipHR67AGyPI2E=","31HvwVLxPISdZe/W3/yBzDSRBz/DamCjOwJ0UVyIGcA=","QHwKJWFKXP2Jv8Kfr4kNGG6NBZEq+Z/4dfuiBmlow5c=","nZ2yXywTCiXZF8aCxcvVIQpoUF4wna7eyaPwWp29DM4=","r9T5kFz+SHFNlPKPJxTzzlzfwsXxvVFjP9RhosLKHzg=","McAOlrW+iKB+v1IinASsJc3qi3+gt5RJWA+kdTKmPq4=","yr0uJ+Zble/w9bLBujj96GOsb10X6Dj/Zc1XqOYuPgY=","CcIvZM+zm79mW4MEQeMErlkCDDcMd6hJzDTNKEWTFpo=","kOkbnftJ1/vybJzAPu/VIttVOodvg5/RG+5X1ixsHXk=","CSXQPF6V888WoShC357v11qqPg2sQ5fuFUsK55fbaeM=","Z5O1C7AweRruL9JhVs31XUjsE2tEMpzAfIYCJtpWi0E=","GLasoxLLsY9ge83LJG0aUHBhQLVDN2HGJVAwl0bLxv8=","WHCeUuZ+sMg77ooLG9x/h1Jip8jmQXSTJ9093Re0Xgg=","HxQrmkVexgU/AS9dT1CsrSV1rX8goxcqARZJhzSw1tA="],"block_size":4096,"path":"immobilienscout24.bundle.js"},{"block_hashes":["B7z2cpY8oINI7D/pPPsd/WNM6EGNWQCIifUU14ADnJQ="],"block_size":4096,"path":"immobilienscout24At.bundle.js"},{"block_hashes":["D57iFHud6omt+8dU4Q/IQj81NYJ7Gu+qmSn3uDk+o/E="],"block_size":4096,"path":"immobilienscout24MainWorld.bundle.js"},{"block_hashes":["B7z2cpY8oINI7D/pPPsd/WNM6EGNWQCIifUU14ADnJQ="],"block_size":4096,"path":"immogencontent.bundle.js"},{"block_hashes":["paUpEuy/NwGnb+JUgUM9QlDzl0eIxey0HOM1kN2HVoA=","5VhPWzkzaSu+GGbMFf3e7kGwD8ALxX7Bhbz80LlUP6s=","ww1zVl80uYsjT0Pz455prSyQs/UsRjVVCAdHhh3u8bc=","vxGgPIiiRCRG70D3HqWorgbgLNmjCKA4RtlY0npo1ws=","MEmDnpQt0tZZR8xKagj6107SyocC1LhYhEjqoh17hV8=","2kkjoYNR67DRaIq52UzOe94aP8X8yG+YH1sf9OPppgs=","vqG6c0EkN5nEiKtRTTx/OEaTgE+ItrT7kExLQ3SgrjU=","UohsPakAVSukAc6TkA93iGBTI61shNLSYOsNCyCdOBo=","zfflTbp2DB8c0qbZsdoSQlEHWFI4GBleu/STvSbtN6I=","DMnqhASR4/+y9mUxDNXKbhc/ivG8iEL0yKvf3ek/KaQ=","c/n0Ijnyew/Gjvtgob3SCb7DSWHSklsDL35W1diiqyU=","sOmLH0qDLDJf7aw7Q6a/uYVUbdU/vESLT/NuMAXQnUU=","jB5zXTyXDZBt5VG+cv2JtKU7ObFhST36GsQM9EMw6Qc="],"block_size":4096,"path":"immonet.bundle.js"},{"block_hashes":["B7z2cpY8oINI7D/pPPsd/WNM6EGNWQCIifUU14ADnJQ="],"block_size":4096,"path":"immoscout24Ch.bundle.js"},{"block_hashes":["spT/BN7K7qdUsoDiyieZpZ8dErHUgVYUr10GBx/WGnA=","0zvglA75KAaY24pEn686A56E1q+iaWcRdCtIzJAhghg=","1u6m3JCMh2gh3eMIGizZ7ZV8cpPg4l65J8cZpmi/zfA=","xSgHLscD7qx95G7Vmj5Q3EwUBdsixEWXV4lZ4GVCI8U=","cJOdRjzuc5Qb8jWLZwr2h8RYqt//QLIGg40woRY+cA8=","KCpd1ech6dP0JWBuWZoJlM3G+uArcctyeh02YcQlX0Y=","KILu793XCBTxZq285YBPzPEtxBFQtybvAP6GJ/D6TvU=","ziqziGpH0MyslJSTj4wrKf8us4GS0ZIQxTruB4i+z8I=","ZIPrfeYpsFrkxGBLuxQhHYeY+4vPWNQ54CuXxH/ekAI=","HW2eH60J9XgG/v9+e5Ia2Om1FN1vY2Rl33cD/il5eWU=","fZwKX6PCVN51oYlAnmP/rSsEZPN/1/UHbktloOt7Qbs=","FYZl+wVpJ7kAozbfD/wpV0/lJiXXnVuXs1aZ/HXJbm0=","ra7ZddV/WG4KR2lB7p08AW1fr9m7gT6bDKIE+ZS3AGA=","8N8rntOoWh2ioxuRAYL0SxKQcpMJXi5qwb+6EZ5b4y0="],"block_size":4096,"path":"immowelt.bundle.js"},{"block_hashes":["B7z2cpY8oINI7D/pPPsd/WNM6EGNWQCIifUU14ADnJQ="],"block_size":4096,"path":"immoweltAt.bundle.js"},{"block_hashes":["B7z2cpY8oINI7D/pPPsd/WNM6EGNWQCIifUU14ADnJQ="],"block_size":4096,"path":"kleinanzeigen.bundle.js"},{"block_hashes":["B7z2cpY8oINI7D/pPPsd/WNM6EGNWQCIifUU14ADnJQ="],"block_size":4096,"path":"kleinanzeigenAt.bundle.js"},{"block_hashes":["B7z2cpY8oINI7D/pPPsd/WNM6EGNWQCIifUU14ADnJQ="],"block_size":4096,"path":"markt.bundle.js"},{"block_hashes":["B7z2cpY8oINI7D/pPPsd/WNM6EGNWQCIifUU14ADnJQ="],"block_size":4096,"path":"mobile.bundle.js"},{"block_hashes":["B7z2cpY8oINI7D/pPPsd/WNM6EGNWQCIifUU14ADnJQ="],"block_size":4096,"path":"nestoria.bundle.js"},{"block_hashes":["B7z2cpY8oINI7D/pPPsd/WNM6EGNWQCIifUU14ADnJQ="],"block_size":4096,"path":"newhome.bundle.js"},{"block_hashes":["B7z2cpY8oINI7D/pPPsd/WNM6EGNWQCIifUU14ADnJQ="],"block_size":4096,"path":"pisos.bundle.js"},{"block_hashes":["B7z2cpY8oINI7D/pPPsd/WNM6EGNWQCIifUU14ADnJQ="],"block_size":4096,"path":"rotekapselDe.bundle.js"},{"block_hashes":["B7z2cpY8oINI7D/pPPsd/WNM6EGNWQCIifUU14ADnJQ="],"block_size":4096,"path":"thribee.bundle.js"},{"block_hashes":["B7z2cpY8oINI7D/pPPsd/WNM6EGNWQCIifUU14ADnJQ="],"block_size":4096,"path":"vonPoll.bundle.js"},{"block_hashes":["B7z2cpY8oINI7D/pPPsd/WNM6EGNWQCIifUU14ADnJQ="],"block_size":4096,"path":"wgGesucht.bundle.js"},{"block_hashes":["B7z2cpY8oINI7D/pPPsd/WNM6EGNWQCIifUU14ADnJQ="],"block_size":4096,"path":"willhaben.bundle.js"},{"block_hashes":["B7z2cpY8oINI7D/pPPsd/WNM6EGNWQCIifUU14ADnJQ="],"block_size":4096,"path":"yaencontre.bundle.js"}],"version":2}